,primerF sequence,primerR sequence,kmer index,primerF 3,primerR 3,position difference,gcFracF,gcFracR,TmPrimerF,TmPrimerR,Fexclude,Rexclude,ampUnique,fUnique10,rUnique10,amplicon,occupied
184,gaaatTAATACGACTCACTATAGGGAATTGCGAAGGGCGAACGCGATTTTAAAGA,CGATGAACCGGGTAATTAGCGTGCTGGCCG,1996426,1996431,1996463,32,0.43333333333333335,0.6,66.9234472975458,71.22599345647183,-1,-1,1.0,5.0,5.0,CCGCGTCGGCTTTCTTCGCGGCCGAGCTCGAC,1.0
185,gaaatTAATACGACTCACTATAGGGCCAACAAGAAGGCGTACTCGACCTGAAAGA,CGGCGAGCCGCTCGCTGAACCGGATCGATG,1997083,1997088,1997123,35,0.5,0.7,66.90718940843504,75.61789787425039,-1,-1,7.0,5.0,5.0,CGTTATCCACCATACGGATAGGGGATCTCAGTACA,1.0
226,gaaatTAATACGACTCACTATAGGGAATTGCGAAGGGCGAACGCGATTTTAAAGA,CGATGAACCGGGTAATTAGCGTGCTGGCCG,2365739,2365744,2365776,32,0.43333333333333335,0.6,66.9234472975458,71.22599345647183,-1,-1,1.0,5.0,5.0,CCGCGTCGGCTTTCTTCGCGGCCGAGCTCGAC,1.0
227,gaaatTAATACGACTCACTATAGGGCCAACAAGAAGGCGTACTCGACCTGAAAGA,CGGCGAGCCGCTCGCTGAACCGGATCGATG,2366396,2366401,2366436,35,0.5,0.7,66.90718940843504,75.61789787425039,-1,-1,7.0,5.0,5.0,CGTTATCCACCATACGGATAGGGGATCTCAGTACA,1.0
255,gaaatTAATACGACTCACTATAGGGAATTGCGAAGGGCGAACGCGATTTTAAAGA,CGATGAACCGGGTAATTAGCGTGCTGGCCG,2550339,2550344,2550376,32,0.43333333333333335,0.6,66.9234472975458,71.22599345647183,-1,-1,1.0,5.0,5.0,CCGCGTCGGCTTTCTTCGCGGCCGAGCTCGAC,1.0
256,gaaatTAATACGACTCACTATAGGGCCAACAAGAAGGCGTACTCGACCTGAAAGA,CGGCGAGCCGCTCGCTGAACCGGATCGATG,2550996,2551001,2551036,35,0.5,0.7,66.90718940843504,75.61789787425039,-1,-1,7.0,5.0,5.0,CGTTATCCACCATACGGATAGGGGATCTCAGTACA,1.0
268,gaaatTAATACGACTCACTATAGGGAATTGCGAAGGGCGAACGCGATTTTAAAGA,CGATGAACCGGGTAATTAGCGTGCTGGCCG,2635902,2635907,2635939,32,0.43333333333333335,0.6,66.9234472975458,71.22599345647183,-1,-1,1.0,5.0,5.0,CCGCGTCGGCTTTCTTCGCGGCCGAGCTCGAC,1.0
269,gaaatTAATACGACTCACTATAGGGCCAACAAGAAGGCGTACTCGACCTGAAAGA,CGGCGAGCCGCTCGCTGAACCGGATCGATG,2636559,2636564,2636599,35,0.5,0.7,66.90718940843504,75.61789787425039,-1,-1,7.0,5.0,5.0,CGTTATCCACCATACGGATAGGGGATCTCAGTACA,1.0
301,gaaatTAATACGACTCACTATAGGGAATTGCGAAGGGCGAACGCGATTTTAAAGA,CGATGAACCGGGTAATTAGCGTGCTGGCCG,2972434,2972439,2972471,32,0.43333333333333335,0.6,66.9234472975458,71.22599345647183,-1,-1,1.0,5.0,5.0,CCGCGTCGGCTTTCTTCGCGGCCGAGCTCGAC,1.0
302,gaaatTAATACGACTCACTATAGGGCCAACAAGAAGGCGTACTCGACCTGAAAGA,CGGCGAGCCGCTCGCTGAACCGGATCGATG,2973091,2973096,2973131,35,0.5,0.7,66.90718940843504,75.61789787425039,-1,-1,7.0,5.0,5.0,CGTTATCCACCATACGGATAGGGGATCTCAGTACA,1.0
304,gaaatTAATACGACTCACTATAGGGCAAGTCGCAAGTGTCGATCATGGCCAAAGA,GCGTCGGCGGCGAGGAAGGTATACGGGCCG,2983493,2983498,2983543,45,0.5,0.7333333333333333,67.93992117373523,76.71820613368408,-1,-1,17.0,5.0,5.0,GCTCGACGAAGCCGTAGAGGCGTTTCGGACCCGCCCGCTCGATGC,1.0
340,gaaatTAATACGACTCACTATAGGGCAAGTCGCAAGTGTCGATCATGGCCAAAGA,GCGTCGGCGGCGAGGAAGGTATACGGGCCG,3481873,3481878,3481923,45,0.5,0.7333333333333333,67.93992117373523,76.71820613368408,-1,-1,17.0,5.0,5.0,GCTCGACGAAGCCGTAGAGGCGTTTCGGACCCGCCCGCTCGATGC,1.0
349,gaaatTAATACGACTCACTATAGGGAATTGCGAAGGGCGAACGCGATTTTAAAGA,CGATGAACCGGGTAATTAGCGTGCTGGCCG,3551555,3551560,3551592,32,0.43333333333333335,0.6,66.9234472975458,71.22599345647183,-1,-1,1.0,5.0,5.0,CCGCGTCGGCTTTCTTCGCGGCCGAGCTCGAC,1.0
350,gaaatTAATACGACTCACTATAGGGCCAACAAGAAGGCGTACTCGACCTGAAAGA,CGGCGAGCCGCTCGCTGAACCGGATCGATG,3552212,3552217,3552252,35,0.5,0.7,66.90718940843504,75.61789787425039,-1,-1,7.0,5.0,5.0,CGTTATCCACCATACGGATAGGGGATCTCAGTACA,1.0
351,gaaatTAATACGACTCACTATAGGGAATTGCGAAGGGCGAACGCGATTTTAAAGA,CGATGAACCGGGTAATTAGCGTGCTGGCCG,3553038,3553043,3553075,32,0.43333333333333335,0.6,66.9234472975458,71.22599345647183,-1,-1,1.0,5.0,5.0,CCGCGTCGGCTTTCTTCGCGGCCGAGCTCGAC,1.0
352,gaaatTAATACGACTCACTATAGGGCCAACAAGAAGGCGTACTCGACCTGAAAGA,CGGCGAGCCGCTCGCTGAACCGGATCGATG,3553695,3553700,3553735,35,0.5,0.7,66.90718940843504,75.61789787425039,-1,-1,7.0,5.0,5.0,CGTTATCCACCATACGGATAGGGGATCTCAGTACA,1.0
361,gaaatTAATACGACTCACTATAGGGAATTGCGAAGGGCGAACGCGATTTTAAAGA,CGATGAACCGGGTAATTAGCGTGCTGGCCG,3710707,3710712,3710744,32,0.43333333333333335,0.6,66.9234472975458,71.22599345647183,-1,-1,1.0,5.0,5.0,CCGCGTCGGCTTTCTTCGCGGCCGAGCTCGAC,1.0
362,gaaatTAATACGACTCACTATAGGGCCAACAAGAAGGCGTACTCGACCTGAAAGA,CGGCGAGCCGCTCGCTGAACCGGATCGATG,3711364,3711369,3711404,35,0.5,0.7,66.90718940843504,75.61789787425039,-1,-1,7.0,5.0,5.0,CGTTATCCACCATACGGATAGGGGATCTCAGTACA,1.0
375,gaaatTAATACGACTCACTATAGGGAATTGCGAAGGGCGAACGCGATTTTAAAGA,CGATGAACCGGGTAATTAGCGTGCTGGCCG,3891104,3891109,3891141,32,0.43333333333333335,0.6,66.9234472975458,71.22599345647183,-1,-1,1.0,5.0,5.0,CCGCGTCGGCTTTCTTCGCGGCCGAGCTCGAC,1.0
376,gaaatTAATACGACTCACTATAGGGCCAACAAGAAGGCGTACTCGACCTGAAAGA,CGGCGAGCCGCTCGCTGAACCGGATCGATG,3891761,3891766,3891801,35,0.5,0.7,66.90718940843504,75.61789787425039,-1,-1,7.0,5.0,5.0,CGTTATCCACCATACGGATAGGGGATCTCAGTACA,1.0
932,gaaatTAATACGACTCACTATAGGGCAGATGCACCGTCGAACGGCTGATGACCAA,CCGGATCAGCGATCGTGGTCCTGCGGGCTT,1996774,1996779,1996808,29,0.5666666666666667,0.6666666666666666,70.75636702415477,74.94214372938916,-1,-1,1.0,5.0,5.0,ACTCGGCCTGTCCGGGACCACCCGCGGCA,1.0
1054,gaaatTAATACGACTCACTATAGGGCAGATGCACCGTCGAACGGCTGATGACCAA,CCGGATCAGCGATCGTGGTCCTGCGGGCTT,2366087,2366092,2366121,29,0.5666666666666667,0.6666666666666666,70.75636702415477,74.94214372938916,-1,-1,1.0,5.0,5.0,ACTCGGCCTGTCCGGGACCACCCGCGGCA,1.0
1124,gaaatTAATACGACTCACTATAGGGCAGATGCACCGTCGAACGGCTGATGACCAA,CCGGATCAGCGATCGTGGTCCTGCGGGCTT,2550687,2550692,2550721,29,0.5666666666666667,0.6666666666666666,70.75636702415477,74.94214372938916,-1,-1,1.0,5.0,5.0,ACTCGGCCTGTCCGGGACCACCCGCGGCA,1.0
1154,gaaatTAATACGACTCACTATAGGGCAGATGCACCGTCGAACGGCTGATGACCAA,CCGGATCAGCGATCGTGGTCCTGCGGGCTT,2636250,2636255,2636284,29,0.5666666666666667,0.6666666666666666,70.75636702415477,74.94214372938916,-1,-1,1.0,5.0,5.0,ACTCGGCCTGTCCGGGACCACCCGCGGCA,1.0
1252,gaaatTAATACGACTCACTATAGGGCAGATGCACCGTCGAACGGCTGATGACCAA,CCGGATCAGCGATCGTGGTCCTGCGGGCTT,2972782,2972787,2972816,29,0.5666666666666667,0.6666666666666666,70.75636702415477,74.94214372938916,-1,-1,1.0,5.0,5.0,ACTCGGCCTGTCCGGGACCACCCGCGGCA,1.0
1431,gaaatTAATACGACTCACTATAGGGCAGATGCACCGTCGAACGGCTGATGACCAA,CCGGATCAGCGATCGTGGTCCTGCGGGCTT,3551903,3551908,3551937,29,0.5666666666666667,0.6666666666666666,70.75636702415477,74.94214372938916,-1,-1,1.0,5.0,5.0,ACTCGGCCTGTCCGGGACCACCCGCGGCA,1.0
1432,gaaatTAATACGACTCACTATAGGGCAGATGCACCGTCGAACGGCTGATGACCAA,CCGGATCAGCGATCGTGGTCCTGCGGGCTT,3553386,3553391,3553420,29,0.5666666666666667,0.6666666666666666,70.75636702415477,74.94214372938916,-1,-1,1.0,5.0,5.0,ACTCGGCCTGTCCGGGACCACCCGCGGCA,1.0
1496,gaaatTAATACGACTCACTATAGGGCAGATGCACCGTCGAACGGCTGATGACCAA,CCGGATCAGCGATCGTGGTCCTGCGGGCTT,3711055,3711060,3711089,29,0.5666666666666667,0.6666666666666666,70.75636702415477,74.94214372938916,-1,-1,1.0,5.0,5.0,ACTCGGCCTGTCCGGGACCACCCGCGGCA,1.0
1497,gaaatTAATACGACTCACTATAGGGACCGACAGCCGGGGCCAGGCCTACTACCAA,CGGTGCGGGCTAGGCGGCGTTTGAGGCAGC,3712664,3712669,3712709,40,0.6666666666666666,0.7333333333333333,75.43334390083265,77.81769641546538,-1,-1,12.0,5.0,5.0,AGGCTGCAAGACGCCGGGAAAACCAAACGCGCAGCACTAC,1.0
1548,gaaatTAATACGACTCACTATAGGGCAGATGCACCGTCGAACGGCTGATGACCAA,CCGGATCAGCGATCGTGGTCCTGCGGGCTT,3891452,3891457,3891486,29,0.5666666666666667,0.6666666666666666,70.75636702415477,74.94214372938916,-1,-1,1.0,5.0,5.0,ACTCGGCCTGTCCGGGACCACCCGCGGCA,1.0
2250,gaaatTAATACGACTCACTATAGGGCATGACCCGCTGGGCGTAGCGGGCCAGCTC,CCGCGGTGGATGTGTCCACCCGCCAGGCCG,1789329,1789334,1789378,44,0.7333333333333333,0.7666666666666667,77.10209672359525,78.79756601918928,-1,-1,16.0,5.0,5.0,GTCGGGACGATATTGAGCGGCTTTGCCGGCCAGGTCGGCTTCGG,1.0
2307,gaaatTAATACGACTCACTATAGGGCCGCCAGGGCTTGCCGGGTTTGATCAGCTC,CCAACCGTCGGTCGGAGCGGTCGGAAGCTC,1987913,1987918,1987964,46,0.6666666666666666,0.7,74.51781598284435,75.05209978317089,-1,-1,15.0,4.0,5.0,GGTCTTGTATAGGCCGTTGATCGTCTCGGCTAGTGCATTGTCATAG,1.0
2312,gaaatTAATACGACTCACTATAGGGCCAACCGTCGGTCGGAGCGGTCGGAAGCTC,CCGCCAGGGCTTGCCGGGTTTGATCAGCTC,1997188,1997193,1997239,46,0.7,0.6666666666666666,75.05209978317089,74.51781598284435,-1,-1,15.0,5.0,3.0,CTATGACAATGCACTAGCCGAGACGATCAACGGCCTATACAAGACC,1.0
2443,gaaatTAATACGACTCACTATAGGGCCAACCGTCGGTCGGAGCGGTCGGAAGCTC,CCGCCAGGGCTTGCCGGGTTTGATCAGCTC,2366501,2366506,2366552,46,0.7,0.6666666666666666,75.05209978317089,74.51781598284435,-1,-1,15.0,5.0,3.0,CTATGACAATGCACTAGCCGAGACGATCAACGGCCTATACAAGACC,1.0
2467,gaaatTAATACGACTCACTATAGGGCCGCCAGGGCTTGCCGGGTTTGATCAGCTC,CCAACCGTCGGTCGGAGCGGTCGGAAGCTC,2430327,2430332,2430378,46,0.6666666666666666,0.7,74.51781598284435,75.05209978317089,-1,-1,15.0,4.0,5.0,GGTCTTGTATAGGCCGTTGATCGTCTCGGCTAGTGCATTGTCATAG,1.0
2508,gaaatTAATACGACTCACTATAGGGCCAACCGTCGGTCGGAGCGGTCGGAAGCTC,CCGCCAGGGCTTGCCGGGTTTGATCAGCTC,2551101,2551106,2551152,46,0.7,0.6666666666666666,75.05209978317089,74.51781598284435,-1,-1,15.0,5.0,3.0,CTATGACAATGCACTAGCCGAGACGATCAACGGCCTATACAAGACC,1.0
2530,gaaatTAATACGACTCACTATAGGGCCAACCGTCGGTCGGAGCGGTCGGAAGCTC,CCGCCAGGGCTTGCCGGGTTTGATCAGCTC,2636664,2636669,2636715,46,0.7,0.6666666666666666,75.05209978317089,74.51781598284435,-1,-1,15.0,5.0,3.0,CTATGACAATGCACTAGCCGAGACGATCAACGGCCTATACAAGACC,1.0
2594,gaaatTAATACGACTCACTATAGGGCCGCCAGGGCTTGCCGGGTTTGATCAGCTC,CCAACCGTCGGTCGGAGCGGTCGGAAGCTC,2784825,2784830,2784876,46,0.6666666666666666,0.7,74.51781598284435,75.05209978317089,-1,-1,15.0,4.0,5.0,GGTCTTGTATAGGCCGTTGATCGTCTCGGCTAGTGCATTGTCATAG,1.0
2669,gaaatTAATACGACTCACTATAGGGCCAACCGTCGGTCGGAGCGGTCGGAAGCTC,CCGCCAGGGCTTGCCGGGTTTGATCAGCTC,2973196,2973201,2973247,46,0.7,0.6666666666666666,75.05209978317089,74.51781598284435,-1,-1,15.0,5.0,3.0,CTATGACAATGCACTAGCCGAGACGATCAACGGCCTATACAAGACC,1.0
2721,gaaatTAATACGACTCACTATAGGGCCGCCAGGGCTTGCCGGGTTTGATCAGCTC,CCAACCGTCGGTCGGAGCGGTCGGAAGCTC,3120734,3120739,3120785,46,0.6666666666666666,0.7,74.51781598284435,75.05209978317089,-1,-1,15.0,4.0,5.0,GGTCTTGTATAGGCCGTTGATCGTCTCGGCTAGTGCATTGTCATAG,1.0
2914,gaaatTAATACGACTCACTATAGGGCCAACCGTCGGTCGGAGCGGTCGGAAGCTC,CCGCCAGGGCTTGCCGGGTTTGATCAGCTC,3552317,3552322,3552368,46,0.7,0.6666666666666666,75.05209978317089,74.51781598284435,-1,-1,15.0,5.0,3.0,CTATGACAATGCACTAGCCGAGACGATCAACGGCCTATACAAGACC,1.0
2916,gaaatTAATACGACTCACTATAGGGCCAACCGTCGGTCGGAGCGGTCGGAAGCTC,CCGCCAGGGCTTGCCGGGTTTGATCAGCTC,3553800,3553805,3553851,46,0.7,0.6666666666666666,75.05209978317089,74.51781598284435,-1,-1,15.0,5.0,3.0,CTATGACAATGCACTAGCCGAGACGATCAACGGCCTATACAAGACC,1.0
2980,gaaatTAATACGACTCACTATAGGGCCAACCGTCGGTCGGAGCGGTCGGAAGCTC,CCGCCAGGGCTTGCCGGGTTTGATCAGCTC,3711469,3711474,3711520,46,0.7,0.6666666666666666,75.05209978317089,74.51781598284435,-1,-1,15.0,5.0,3.0,CTATGACAATGCACTAGCCGAGACGATCAACGGCCTATACAAGACC,1.0
3003,gaaatTAATACGACTCACTATAGGGCCGCCAGGGCTTGCCGGGTTTGATCAGCTC,CCAACCGTCGGTCGGAGCGGTCGGAAGCTC,3795268,3795273,3795319,46,0.6666666666666666,0.7,74.51781598284435,75.05209978317089,-1,-1,15.0,4.0,5.0,GGTCTTGTATAGGCCGTTGATCGTCTCGGCTAGTGCATTGTCATAG,1.0
3038,gaaatTAATACGACTCACTATAGGGCCAACCGTCGGTCGGAGCGGTCGGAAGCTC,CCGCCAGGGCTTGCCGGGTTTGATCAGCTC,3891866,3891871,3891917,46,0.7,0.6666666666666666,75.05209978317089,74.51781598284435,-1,-1,15.0,5.0,3.0,CTATGACAATGCACTAGCCGAGACGATCAACGGCCTATACAAGACC,1.0
3701,gaaatTAATACGACTCACTATAGGGGCCGACCGCCGCGGGCAGCGCACCGCGATG,TGGTGGTTGCGGTGGCGTTCGGCGGCGATG,476005,476010,476054,44,0.8333333333333334,0.7,82.68568863595704,77.74977133012925,-1,-1,16.0,5.0,5.0,ATGCCGCGCCGGGCCAGCACCCGAGCGCAAAACCGCGCCCACTA,1.0
3817,gaaatTAATACGACTCACTATAGGGGCCAGCCGGTTGCGGTATGCGCGGGCGATG,ACAATCGTGGCAAACATCAGATAGCCGATG,606845,606850,606894,44,0.7333333333333333,0.4666666666666667,78.18795041996572,66.2699759441544,-1,-1,16.0,0.0,5.0,CGTGAGCGGCTGCCTAAGACGGCTGAGGTGTTTAGCGCCGGCGA,1.0
3819,gaaatTAATACGACTCACTATAGGGTACGACCATTGCGACCAGCGCACAGCGATG,GCGTGGTTTTGTCGACGTTCGGTGGCGATG,607886,607891,607935,44,0.6,0.6,72.67721367132276,72.0555646830997,-1,-1,11.0,5.0,5.0,ATGCCCAAACGCCGGCGCACCCGCGCCCAAGACCGGGCCTATCG,1.0
4994,gaaatTAATACGACTCACTATAGGGCGGCGAGCCGCTCGCTGAACCGGATCGATG,CCAACAAGAAGGCGTACTCGACCTGAAAGA,1988029,1988034,1988069,35,0.7,0.5,75.61789787425039,66.90718940843504,-1,-1,7.0,5.0,5.0,TGTACTGAGATCCCCTATCCGTATGGTGGATAACG,1.0
4995,gaaatTAATACGACTCACTATAGGGCGTTCGACGGTGCATCTGGCCACCTCGATG,CAGCCGCGTCCACGCCGCCAACTACGGTGT,1988415,1988420,1988462,42,0.6333333333333333,0.7,72.52147569944947,77.13303260334305,-1,-1,14.0,5.0,5.0,CCCTCACGGTTCAGGGTTAGCCACACTTTGCGGGCACCGTAA,1.0
4996,gaaatTAATACGACTCACTATAGGGCCCGGTTGATGTGGTCGTAGTAGGTCGATG,CGAGGGCCCCGATGGTTTGCGGTGGGGTGT,1988563,1988568,1988615,47,0.5666666666666667,0.7,68.2747411211696,76.85647128281414,-1,-1,0.0,5.0,5.0,GGGCGATCGGCACACCCAGCTCGGTCAGCTGTGTGCAGATCGACTCG,1.0
5003,gaaatTAATACGACTCACTATAGGGGTAAGTGGGTGCGCCAGGCGCAGGTCGATG,GGCGTTGTCCCGCCGCAAGCGCTTCAGCTC,1996327,1996332,1996370,38,0.6666666666666666,0.7,74.34428379084909,76.67770522472557,-1,-1,10.0,5.0,5.0,CCGGCGCACGGCCCGGGACCACGACCGAAGAATCCGCT,1.0
5005,gaaatTAATACGACTCACTATAGGGATCCTGGGCTGGCGGGTCGCTTCCACGATG,CGCCTTCTTGTTGGCGGGTCCAGATGGCTT,1997006,1997011,1997042,31,0.6666666666666666,0.6,75.03775140351928,72.50712104929664,-1,-1,3.0,1.0,5.0,GCCACCTCCATGGTCCTCGACGCGATCGAGC,1.0
5024,gaaatTAATACGACTCACTATAGGGATGTATTGCGGTCCGGGGTCGGGGCCGATG,GGCTATCACCGACGCATAACCGGTCGCAGC,2028491,2028496,2028544,48,0.6666666666666666,0.6333333333333333,74.92033525084315,72.58652745339981,-1,-1,20.0,3.0,5.0,CTGGCTGCGGCCGCGGCCTGGGACGGGGTGGCCGTGGAGTTGGGGTTG,1.0
5317,gaaatTAATACGACTCACTATAGGGGTAAGTGGGTGCGCCAGGCGCAGGTCGATG,GGCGTTGTCCCGCCGCAAGCGCTTCAGCTC,2365640,2365645,2365683,38,0.6666666666666666,0.7,74.34428379084909,76.67770522472557,-1,-1,10.0,5.0,5.0,CCGGCGCACGGCCCGGGACCACGACCGAAGAATCCGCT,1.0
5319,gaaatTAATACGACTCACTATAGGGATCCTGGGCTGGCGGGTCGCTTCCACGATG,CGCCTTCTTGTTGGCGGGTCCAGATGGCTT,2366319,2366324,2366355,31,0.6666666666666666,0.6,75.03775140351928,72.50712104929664,-1,-1,3.0,1.0,5.0,GCCACCTCCATGGTCCTCGACGCGATCGAGC,1.0
5365,gaaatTAATACGACTCACTATAGGGCGGCGAGCCGCTCGCTGAACCGGATCGATG,CCAACAAGAAGGCGTACTCGACCTGAAAGA,2430443,2430448,2430483,35,0.7,0.5,75.61789787425039,66.90718940843504,-1,-1,7.0,5.0,5.0,TGTACTGAGATCCCCTATCCGTATGGTGGATAACG,1.0
5366,gaaatTAATACGACTCACTATAGGGCGTTCGACGGTGCATCTGGCCACCTCGATG,CAGCCGCGTCCACGCCGCCAACTACGGTGT,2430829,2430834,2430876,42,0.6333333333333333,0.7,72.52147569944947,77.13303260334305,-1,-1,14.0,5.0,5.0,CCCTCACGGTTCAGGGTTAGCCACACTTTGCGGGCACCGTAA,1.0
5367,gaaatTAATACGACTCACTATAGGGCCCGGTTGATGTGGTCGTAGTAGGTCGATG,CGAGGGCCCCGATGGTTTGCGGTGGGGTGT,2430977,2430982,2431029,47,0.5666666666666667,0.7,68.2747411211696,76.85647128281414,-1,-1,0.0,5.0,5.0,GGGCGATCGGCACACCCAGCTCGGTCAGCTGTGTGCAGATCGACTCG,1.0
5457,gaaatTAATACGACTCACTATAGGGGTAAGTGGGTGCGCCAGGCGCAGGTCGATG,GGCGTTGTCCCGCCGCAAGCGCTTCAGCTC,2550240,2550245,2550283,38,0.6666666666666666,0.7,74.34428379084909,76.67770522472557,-1,-1,10.0,5.0,5.0,CCGGCGCACGGCCCGGGACCACGACCGAAGAATCCGCT,1.0
5459,gaaatTAATACGACTCACTATAGGGATCCTGGGCTGGCGGGTCGCTTCCACGATG,CGCCTTCTTGTTGGCGGGTCCAGATGGCTT,2550919,2550924,2550955,31,0.6666666666666666,0.6,75.03775140351928,72.50712104929664,-1,-1,3.0,1.0,5.0,GCCACCTCCATGGTCCTCGACGCGATCGAGC,1.0
5533,gaaatTAATACGACTCACTATAGGGGTAAGTGGGTGCGCCAGGCGCAGGTCGATG,GGCGTTGTCCCGCCGCAAGCGCTTCAGCTC,2635803,2635808,2635846,38,0.6666666666666666,0.7,74.34428379084909,76.67770522472557,-1,-1,10.0,5.0,5.0,CCGGCGCACGGCCCGGGACCACGACCGAAGAATCCGCT,1.0
5535,gaaatTAATACGACTCACTATAGGGATCCTGGGCTGGCGGGTCGCTTCCACGATG,CGCCTTCTTGTTGGCGGGTCCAGATGGCTT,2636482,2636487,2636518,31,0.6666666666666666,0.6,75.03775140351928,72.50712104929664,-1,-1,3.0,1.0,5.0,GCCACCTCCATGGTCCTCGACGCGATCGAGC,1.0
5627,gaaatTAATACGACTCACTATAGGGAGGCACCCACCCCGATCCCCGGGATCGATG,TCGGTGCTCTCGACGAGCAGATCGAGCAGC,2721258,2721263,2721299,36,0.7,0.6333333333333333,75.76573979696207,72.93828214120936,-1,-1,8.0,5.0,5.0,CAATCAGCTCGCGTCGGGCACAAAAGGGATGCATCA,1.0
5684,gaaatTAATACGACTCACTATAGGGCGGCGAGCCGCTCGCTGAACCGGATCGATG,CCAACAAGAAGGCGTACTCGACCTGAAAGA,2784941,2784946,2784981,35,0.7,0.5,75.61789787425039,66.90718940843504,-1,-1,7.0,5.0,5.0,TGTACTGAGATCCCCTATCCGTATGGTGGATAACG,1.0
5685,gaaatTAATACGACTCACTATAGGGCGTTCGACGGTGCATCTGGCCACCTCGATG,CAGCCGCGTCCACGCCGCCAACTACGGTGT,2785327,2785332,2785374,42,0.6333333333333333,0.7,72.52147569944947,77.13303260334305,-1,-1,14.0,5.0,5.0,CCCTCACGGTTCAGGGTTAGCCACACTTTGCGGGCACCGTAA,1.0
5686,gaaatTAATACGACTCACTATAGGGCCCGGTTGATGTGGTCGTAGTAGGTCGATG,CGAGGGCCCCGATGGTTTGCGGTGGGGTGT,2785475,2785480,2785527,47,0.5666666666666667,0.7,68.2747411211696,76.85647128281414,-1,-1,0.0,5.0,5.0,GGGCGATCGGCACACCCAGCTCGGTCAGCTGTGTGCAGATCGACTCG,1.0
5718,gaaatTAATACGACTCACTATAGGGTTGCTGGTCGTTTCGAAGGATCACGCGATG,AGGGGTGTGGTGTACGGGCAGGTAAGGCCG,2829852,2829857,2829888,31,0.5333333333333333,0.6666666666666666,69.50374319524718,74.4644077810459,-1,-1,3.0,5.0,5.0,ACCGCCCACTACTGGGCTACGACACGCCCAC,1.0
5836,gaaatTAATACGACTCACTATAGGGGTAAGTGGGTGCGCCAGGCGCAGGTCGATG,GGCGTTGTCCCGCCGCAAGCGCTTCAGCTC,2972335,2972340,2972378,38,0.6666666666666666,0.7,74.34428379084909,76.67770522472557,-1,-1,10.0,5.0,5.0,CCGGCGCACGGCCCGGGACCACGACCGAAGAATCCGCT,1.0
5838,gaaatTAATACGACTCACTATAGGGATCCTGGGCTGGCGGGTCGCTTCCACGATG,CGCCTTCTTGTTGGCGGGTCCAGATGGCTT,2973014,2973019,2973050,31,0.6666666666666666,0.6,75.03775140351928,72.50712104929664,-1,-1,3.0,1.0,5.0,GCCACCTCCATGGTCCTCGACGCGATCGAGC,1.0
5844,gaaatTAATACGACTCACTATAGGGGCGGGGCGGGCTACCGCGAACGCAGCGATG,TCGCGACGTCGATGGTTGCGGCACGGGTGT,2983228,2983233,2983275,42,0.7666666666666667,0.6666666666666666,79.25737709962902,76.7247091707336,-1,-1,14.0,5.0,5.0,AGCGGTCCAATCAGCGCAACGGCTACCGCCACCGTGATTTCG,1.0
5951,gaaatTAATACGACTCACTATAGGGCGGCGAGCCGCTCGCTGAACCGGATCGATG,CCAACAAGAAGGCGTACTCGACCTGAAAGA,3120850,3120855,3120890,35,0.7,0.5,75.61789787425039,66.90718940843504,-1,-1,7.0,5.0,5.0,TGTACTGAGATCCCCTATCCGTATGGTGGATAACG,1.0
5952,gaaatTAATACGACTCACTATAGGGCGTTCGACGGTGCATCTGGCCACCTCGATG,CAGCCGCGTCCACGCCGCCAACTACGGTGT,3121236,3121241,3121283,42,0.6333333333333333,0.7,72.52147569944947,77.13303260334305,-1,-1,14.0,5.0,5.0,CCCTCACGGTTCAGGGTTAGCCACACTTTGCGGGCACCGTAA,1.0
5953,gaaatTAATACGACTCACTATAGGGCCCGGTTGATGTGGTCGTAGTAGGTCGATG,CGAGGGCCCCGATGGTTTGCGGTGGGGTGT,3121384,3121389,3121436,47,0.5666666666666667,0.7,68.2747411211696,76.85647128281414,-1,-1,0.0,5.0,5.0,GGGCGATCGGCACACCCAGCTCGGTCAGCTGTGTGCAGATCGACTCG,1.0
5966,gaaatTAATACGACTCACTATAGGGTCGGCGGTCCAGATGTGCAGATCCTCGATG,CGACGAGTGTGTGCTACTGCGGGCCGCAGC,3136038,3136043,3136091,48,0.6,0.7,71.36991550869368,75.88245683263153,-1,-1,12.0,0.0,5.0,GCGTCCAGACCCTCTGGCCGGTTAACCGGCAGTGCGGCAACAACTTTC,1.0
6180,gaaatTAATACGACTCACTATAGGGTTGCTGGTCGTTTCGAAGGATCACGCGATG,AGGGGTGTGGTGTACGGGCAGGTAAGGCCG,3382671,3382676,3382707,31,0.5333333333333333,0.6666666666666666,69.50374319524718,74.4644077810459,-1,-1,3.0,5.0,5.0,ACCGCCCACTACTGGGCTACGACACGCCCAC,1.0
6266,gaaatTAATACGACTCACTATAGGGGCGGGGCGGGCTACCGCGAACGCAGCGATG,TCGCGACGTCGATGGTTGCGGCACGGGTGT,3481608,3481613,3481655,42,0.7666666666666667,0.6666666666666666,79.25737709962902,76.7247091707336,-1,-1,14.0,5.0,5.0,AGCGGTCCAATCAGCGCAACGGCTACCGCCACCGTGATTTCG,1.0
6317,gaaatTAATACGACTCACTATAGGGGTAAGTGGGTGCGCCAGGCGCAGGTCGATG,GGCGTTGTCCCGCCGCAAGCGCTTCAGCTC,3551456,3551461,3551499,38,0.6666666666666666,0.7,74.34428379084909,76.67770522472557,-1,-1,10.0,5.0,5.0,CCGGCGCACGGCCCGGGACCACGACCGAAGAATCCGCT,1.0
6319,gaaatTAATACGACTCACTATAGGGATCCTGGGCTGGCGGGTCGCTTCCACGATG,CGCCTTCTTGTTGGCGGGTCCAGATGGCTT,3552135,3552140,3552171,31,0.6666666666666666,0.6,75.03775140351928,72.50712104929664,-1,-1,3.0,1.0,5.0,GCCACCTCCATGGTCCTCGACGCGATCGAGC,1.0
6320,gaaatTAATACGACTCACTATAGGGGTAAGTGGGTGCGCCAGGCGCAGGTCGATG,GGCGTTGTCCCGCCGCAAGCGCTTCAGCTC,3552939,3552944,3552982,38,0.6666666666666666,0.7,74.34428379084909,76.67770522472557,-1,-1,10.0,5.0,5.0,CCGGCGCACGGCCCGGGACCACGACCGAAGAATCCGCT,1.0
6322,gaaatTAATACGACTCACTATAGGGATCCTGGGCTGGCGGGTCGCTTCCACGATG,CGCCTTCTTGTTGGCGGGTCCAGATGGCTT,3553618,3553623,3553654,31,0.6666666666666666,0.6,75.03775140351928,72.50712104929664,-1,-1,3.0,1.0,5.0,GCCACCTCCATGGTCCTCGACGCGATCGAGC,1.0
6442,gaaatTAATACGACTCACTATAGGGGTAAGTGGGTGCGCCAGGCGCAGGTCGATG,GGCGTTGTCCCGCCGCAAGCGCTTCAGCTC,3710608,3710613,3710651,38,0.6666666666666666,0.7,74.34428379084909,76.67770522472557,-1,-1,10.0,5.0,5.0,CCGGCGCACGGCCCGGGACCACGACCGAAGAATCCGCT,1.0
6444,gaaatTAATACGACTCACTATAGGGATCCTGGGCTGGCGGGTCGCTTCCACGATG,CGCCTTCTTGTTGGCGGGTCCAGATGGCTT,3711287,3711292,3711323,31,0.6666666666666666,0.6,75.03775140351928,72.50712104929664,-1,-1,3.0,1.0,5.0,GCCACCTCCATGGTCCTCGACGCGATCGAGC,1.0
6445,gaaatTAATACGACTCACTATAGGGAGCGGGCACCGGCAGCACGCTCGCTCGATG,CGAGTTCGGCGACCAATCCTGGCTGGGTGT,3712248,3712253,3712289,36,0.7333333333333333,0.6333333333333333,78.77303824876782,73.47264377982214,-1,-1,8.0,5.0,5.0,CCGCCAAGCACCAGCAGGCCCTGCGGACCTGGCTGG,1.0
6531,gaaatTAATACGACTCACTATAGGGCGGCGAGCCGCTCGCTGAACCGGATCGATG,CCAACAAGAAGGCGTACTCGACCTGAAAGA,3795384,3795389,3795424,35,0.7,0.5,75.61789787425039,66.90718940843504,-1,-1,7.0,5.0,5.0,TGTACTGAGATCCCCTATCCGTATGGTGGATAACG,1.0
6532,gaaatTAATACGACTCACTATAGGGCGTTCGACGGTGCATCTGGCCACCTCGATG,CAGCCGCGTCCACGCCGCCAACTACGGTGT,3795770,3795775,3795817,42,0.6333333333333333,0.7,72.52147569944947,77.13303260334305,-1,-1,14.0,5.0,5.0,CCCTCACGGTTCAGGGTTAGCCACACTTTGCGGGCACCGTAA,1.0
6533,gaaatTAATACGACTCACTATAGGGCCCGGTTGATGTGGTCGTAGTAGGTCGATG,CGAGGGCCCCGATGGTTTGCGGTGGGGTGT,3795918,3795923,3795970,47,0.5666666666666667,0.7,68.2747411211696,76.85647128281414,-1,-1,0.0,5.0,5.0,GGGCGATCGGCACACCCAGCTCGGTCAGCTGTGTGCAGATCGACTCG,1.0
6600,gaaatTAATACGACTCACTATAGGGGTAAGTGGGTGCGCCAGGCGCAGGTCGATG,GGCGTTGTCCCGCCGCAAGCGCTTCAGCTC,3891005,3891010,3891048,38,0.6666666666666666,0.7,74.34428379084909,76.67770522472557,-1,-1,10.0,5.0,5.0,CCGGCGCACGGCCCGGGACCACGACCGAAGAATCCGCT,1.0
6602,gaaatTAATACGACTCACTATAGGGATCCTGGGCTGGCGGGTCGCTTCCACGATG,CGCCTTCTTGTTGGCGGGTCCAGATGGCTT,3891684,3891689,3891720,31,0.6666666666666666,0.6,75.03775140351928,72.50712104929664,-1,-1,3.0,1.0,5.0,GCCACCTCCATGGTCCTCGACGCGATCGAGC,1.0
7578,gaaatTAATACGACTCACTATAGGGCAAGACGGTGTGTGCCAGATCGGTGGCAGC,GCTCACACACGGTGCCCGCCAACGCGCTCA,607151,607156,607193,37,0.6333333333333333,0.7,72.90539944276082,77.65760030767876,-1,-1,9.0,5.0,5.0,CTGTTGGCCGTCGACGCACACGCCCTCGATGCGCGGT,1.0
8748,gaaatTAATACGACTCACTATAGGGGCACCCACTTACGCACCGTCTCCGCGCAGC,CCGCGGTCAGCACGATTCGGAGTGGGCAGC,1988868,1988873,1988905,32,0.7,0.7,76.1002426465862,75.858681818886,-1,-1,4.0,4.0,4.0,CAACACCAAGTAGACGGGCGACCTCACTGATC,1.0
8751,gaaatTAATACGACTCACTATAGGGCCGCGGTCAGCACGATTCGGAGTGGGCAGC,GCACCCACTTACGCACCGTCTCCGCGCAGC,1996247,1996252,1996284,32,0.7,0.7,75.858681818886,76.1002426465862,-1,-1,4.0,5.0,5.0,GATCAGTGAGGTCGCCCGTCTACTTGGTGTTG,1.0
9074,gaaatTAATACGACTCACTATAGGGCCGCGGTCAGCACGATTCGGAGTGGGCAGC,GCACCCACTTACGCACCGTCTCCGCGCAGC,2365560,2365565,2365597,32,0.7,0.7,75.858681818886,76.1002426465862,-1,-1,4.0,5.0,5.0,GATCAGTGAGGTCGCCCGTCTACTTGGTGTTG,1.0
9161,gaaatTAATACGACTCACTATAGGGGCACCCACTTACGCACCGTCTCCGCGCAGC,CCGCGGTCAGCACGATTCGGAGTGGGCAGC,2431282,2431287,2431319,32,0.7,0.7,76.1002426465862,75.858681818886,-1,-1,4.0,4.0,4.0,CAACACCAAGTAGACGGGCGACCTCACTGATC,1.0
9299,gaaatTAATACGACTCACTATAGGGCCGCGGTCAGCACGATTCGGAGTGGGCAGC,GCACCCACTTACGCACCGTCTCCGCGCAGC,2550160,2550165,2550197,32,0.7,0.7,75.858681818886,76.1002426465862,-1,-1,4.0,5.0,5.0,GATCAGTGAGGTCGCCCGTCTACTTGGTGTTG,1.0
9366,gaaatTAATACGACTCACTATAGGGCCGCGGTCAGCACGATTCGGAGTGGGCAGC,GCACCCACTTACGCACCGTCTCCGCGCAGC,2635723,2635728,2635760,32,0.7,0.7,75.858681818886,76.1002426465862,-1,-1,4.0,5.0,5.0,GATCAGTGAGGTCGCCCGTCTACTTGGTGTTG,1.0
9538,gaaatTAATACGACTCACTATAGGGGCACCCACTTACGCACCGTCTCCGCGCAGC,CCGCGGTCAGCACGATTCGGAGTGGGCAGC,2785780,2785785,2785817,32,0.7,0.7,76.1002426465862,75.858681818886,-1,-1,4.0,4.0,4.0,CAACACCAAGTAGACGGGCGACCTCACTGATC,1.0
9581,gaaatTAATACGACTCACTATAGGGGCGTCGGGCTGGTCGTAGATGGAGTGCAGC,AACCCACTACGCAGCCAATCTGATGGCAGC,2828968,2828973,2829009,36,0.6666666666666666,0.5666666666666667,73.77467952345,70.92873900893511,-1,-1,8.0,5.0,5.0,AGGGTGCGCACCCACGGCCAGGAGGGCTTCGGGGTG,1.0
9735,gaaatTAATACGACTCACTATAGGGCCGCGGTCAGCACGATTCGGAGTGGGCAGC,GCACCCACTTACGCACCGTCTCCGCGCAGC,2972255,2972260,2972292,32,0.7,0.7,75.858681818886,76.1002426465862,-1,-1,4.0,5.0,5.0,GATCAGTGAGGTCGCCCGTCTACTTGGTGTTG,1.0
9895,gaaatTAATACGACTCACTATAGGGGCACCCACTTACGCACCGTCTCCGCGCAGC,CCGCGGTCAGCACGATTCGGAGTGGGCAGC,3121689,3121694,3121726,32,0.7,0.7,76.1002426465862,75.858681818886,-1,-1,4.0,4.0,4.0,CAACACCAAGTAGACGGGCGACCTCACTGATC,1.0
10192,gaaatTAATACGACTCACTATAGGGGCCCACCAACGCCGCCGGCGCGCCAGCAGC,CTGTGGTTCCGGGTGTAGCTGGGTTGGCCG,3379685,3379690,3379728,38,0.8333333333333334,0.6666666666666666,83.23426309266807,73.87318701037958,-1,-1,0.0,5.0,0.0,CGCACCCACCGCCGGCAGAGCGGCCAATCCCGCCACCC,1.0
10194,gaaatTAATACGACTCACTATAGGGGCGTCGGGCTGGTCGTAGATGGAGTGCAGC,AACCCACTACGCAGCCAATCTGATGGCAGC,3381787,3381792,3381828,36,0.6666666666666666,0.5666666666666667,73.77467952345,70.92873900893511,-1,-1,8.0,5.0,5.0,AGGGTGCGCACCCACGGCCAGGAGGGCTTCGGGGTG,1.0
10315,gaaatTAATACGACTCACTATAGGGAACCCACTACGCAGCCAATCTGATGGCAGC,GCGTCGGGCTGGTCGTAGATGGAGTGCAGC,3482239,3482244,3482280,36,0.5666666666666667,0.6666666666666666,70.92873900893511,73.77467952345,-1,-1,8.0,5.0,5.0,CACCCCGAAGCCCTCCTGGCCGTGGGTGCGCACCCT,1.0
10316,gaaatTAATACGACTCACTATAGGGCCTCGAGGTCCTCACCCGAGCCCGAGCAGC,TGGCAGTCTAGGTGGTCAGTGCTGGGGTGT,3482629,3482634,3482675,41,0.7333333333333333,0.6,75.95108962830159,72.22955141237111,-1,-1,13.0,5.0,5.0,ACTGACCAGCACCGAAGAACCCGCCAAGCAGCAAACCACCA,1.0
10376,gaaatTAATACGACTCACTATAGGGCCGCGGTCAGCACGATTCGGAGTGGGCAGC,GCACCCACTTACGCACCGTCTCCGCGCAGC,3551376,3551381,3551413,32,0.7,0.7,75.858681818886,76.1002426465862,-1,-1,4.0,5.0,5.0,GATCAGTGAGGTCGCCCGTCTACTTGGTGTTG,1.0
10377,gaaatTAATACGACTCACTATAGGGCCGCGGTCAGCACGATTCGGAGTGGGCAGC,GCACCCACTTACGCACCGTCTCCGCGCAGC,3552859,3552864,3552896,32,0.7,0.7,75.858681818886,76.1002426465862,-1,-1,4.0,5.0,5.0,GATCAGTGAGGTCGCCCGTCTACTTGGTGTTG,1.0
10558,gaaatTAATACGACTCACTATAGGGCCGCGGTCAGCACGATTCGGAGTGGGCAGC,GCACCCACTTACGCACCGTCTCCGCGCAGC,3710528,3710533,3710565,32,0.7,0.7,75.858681818886,76.1002426465862,-1,-1,4.0,5.0,5.0,GATCAGTGAGGTCGCCCGTCTACTTGGTGTTG,1.0
10632,gaaatTAATACGACTCACTATAGGGGCACCCACTTACGCACCGTCTCCGCGCAGC,CCGCGGTCAGCACGATTCGGAGTGGGCAGC,3796223,3796228,3796260,32,0.7,0.7,76.1002426465862,75.858681818886,-1,-1,4.0,4.0,4.0,CAACACCAAGTAGACGGGCGACCTCACTGATC,1.0
10703,gaaatTAATACGACTCACTATAGGGCCGCGGTCAGCACGATTCGGAGTGGGCAGC,GCACCCACTTACGCACCGTCTCCGCGCAGC,3890925,3890930,3890962,32,0.7,0.7,75.858681818886,76.1002426465862,-1,-1,4.0,5.0,5.0,GATCAGTGAGGTCGCCCGTCTACTTGGTGTTG,1.0
11923,gaaatTAATACGACTCACTATAGGGATCTCTGCGACCATCCGCACCGCCCGCTCA,CTTGGAAAGGATGGGGTCATGTCAGGTGGT,1988960,1988965,1988994,29,0.6666666666666666,0.5333333333333333,76.16229337348636,68.3306204963879,-1,-1,1.0,5.0,0.0,CGCAGCTCCGGCGGGTACCTCCTCGATGA,1.0
12107,gaaatTAATACGACTCACTATAGGGATCTCTGCGACCATCCGCACCGCCCGCTCA,CTTGGAAAGGATGGGGTCATGTCAGGTGGT,2431374,2431379,2431408,29,0.6666666666666666,0.5333333333333333,76.16229337348636,68.3306204963879,-1,-1,1.0,5.0,0.0,CGCAGCTCCGGCGGGTACCTCCTCGATGA,1.0
12262,gaaatTAATACGACTCACTATAGGGATCTCTGCGACCATCCGCACCGCCCGCTCA,CTTGGAAAGGATGGGGTCATGTCAGGTGGT,2785872,2785877,2785906,29,0.6666666666666666,0.5333333333333333,76.16229337348636,68.3306204963879,-1,-1,1.0,5.0,0.0,CGCAGCTCCGGCGGGTACCTCCTCGATGA,1.0
12318,gaaatTAATACGACTCACTATAGGGCCTTCCTCGCCGCCGACGCCCTGGTGCTCA,CGGCGTTGACGCCGGTGGCGATCAAGGTGT,2983579,2983584,2983617,33,0.7333333333333333,0.6666666666666666,78.03918180708234,75.79443285736158,-1,-1,5.0,5.0,5.0,AGGTGCGCGAGGCAGGCCGCGTCGTCGGGGTGC,1.0
12378,gaaatTAATACGACTCACTATAGGGATCTCTGCGACCATCCGCACCGCCCGCTCA,CTTGGAAAGGATGGGGTCATGTCAGGTGGT,3121781,3121786,3121815,29,0.6666666666666666,0.5333333333333333,76.16229337348636,68.3306204963879,-1,-1,1.0,5.0,0.0,CGCAGCTCCGGCGGGTACCTCCTCGATGA,1.0
12526,gaaatTAATACGACTCACTATAGGGCCTTCCTCGCCGCCGACGCCCTGGTGCTCA,CGGCGTTGACGCCGGTGGCGATCAAGGTGT,3481959,3481964,3481997,33,0.7333333333333333,0.6666666666666666,78.03918180708234,75.79443285736158,-1,-1,5.0,5.0,5.0,AGGTGCGCGAGGCAGGCCGCGTCGTCGGGGTGC,1.0
12620,gaaatTAATACGACTCACTATAGGGATCTCTGCGACCATCCGCACCGCCCGCTCA,CTTGGAAAGGATGGGGTCATGTCAGGTGGT,3796315,3796320,3796349,29,0.6666666666666666,0.5333333333333333,76.16229337348636,68.3306204963879,-1,-1,1.0,5.0,0.0,CGCAGCTCCGGCGGGTACCTCCTCGATGA,1.0
15955,gaaatTAATACGACTCACTATAGGGCGATGAACCGGGTAATTAGCGTGCTGGCCG,AATTGCGAAGGGCGAACGCGATTTTAAAGA,1988689,1988694,1988726,32,0.6,0.43333333333333335,71.22599345647183,66.9234472975458,-1,-1,1.0,5.0,5.0,GTCGAGCTCGGCCGCGAAGAAAGCCGACGCGG,1.0
16628,gaaatTAATACGACTCACTATAGGGCGATGAACCGGGTAATTAGCGTGCTGGCCG,AATTGCGAAGGGCGAACGCGATTTTAAAGA,2431103,2431108,2431140,32,0.6,0.43333333333333335,71.22599345647183,66.9234472975458,-1,-1,1.0,5.0,5.0,GTCGAGCTCGGCCGCGAAGAAAGCCGACGCGG,1.0
17163,gaaatTAATACGACTCACTATAGGGCGATGAACCGGGTAATTAGCGTGCTGGCCG,AATTGCGAAGGGCGAACGCGATTTTAAAGA,2785601,2785606,2785638,32,0.6,0.43333333333333335,71.22599345647183,66.9234472975458,-1,-1,1.0,5.0,5.0,GTCGAGCTCGGCCGCGAAGAAAGCCGACGCGG,1.0
17221,gaaatTAATACGACTCACTATAGGGCTGGTGACCAGCGCGACCCCGGACAGGCCG,TCCAGGTCACCTCCGCCGAGGACGGGGCCG,2829133,2829138,2829172,34,0.7666666666666667,0.7666666666666667,78.34652953556053,78.6856440632834,-1,-1,6.0,5.0,5.0,CGGGCGACCAGGTCGCGGAAGAACGCCAGCCAGC,1.0
17222,gaaatTAATACGACTCACTATAGGGGCGTCGGCGGCGAGGAAGGTATACGGGCCG,CAAGTCGCAAGTGTCGATCATGGCCAAAGA,2829325,2829330,2829375,45,0.7333333333333333,0.5,76.71820613368408,67.93992117373523,-1,-1,17.0,5.0,5.0,GCATCGAGCGGGCGGGTCCGAAACGCCTCTACGGCTTCGTCGAGC,1.0
17417,gaaatTAATACGACTCACTATAGGGAGGCCAGCACGAACCGTTGCTGATAGGCCG,TCAACGGCGATCGCCGCGCTGTTCGGCAGC,2944775,2944780,2944817,37,0.6333333333333333,0.7,73.86099707842959,77.7684990461479,-1,-1,9.0,5.0,5.0,CGACCTGCGCGCTGATCGCTTGATAGTGCTGGCCGTG,1.0
17486,gaaatTAATACGACTCACTATAGGGAGGGGTGTGGTGTACGGGCAGGTAAGGCCG,TTGCTGGTCGTTTCGAAGGATCACGCGATG,2982980,2982985,2983016,31,0.6666666666666666,0.5333333333333333,74.4644077810459,69.50374319524718,-1,-1,3.0,5.0,5.0,GTGGGCGTGTCGTAGCCCAGTAGTGGGCGGT,1.0
17487,gaaatTAATACGACTCACTATAGGGTCCAGGTCACCTCCGCCGAGGACGGGGCCG,CTGGTGACCAGCGCGACCCCGGACAGGCCG,2983696,2983701,2983735,34,0.7666666666666667,0.7666666666666667,78.6856440632834,78.34652953556053,-1,-1,6.0,5.0,5.0,GCTGGCTGGCGTTCTTCCGCGACCTGGTCGCCCG,1.0
17696,gaaatTAATACGACTCACTATAGGGCGATGAACCGGGTAATTAGCGTGCTGGCCG,AATTGCGAAGGGCGAACGCGATTTTAAAGA,3121510,3121515,3121547,32,0.6,0.43333333333333335,71.22599345647183,66.9234472975458,-1,-1,1.0,5.0,5.0,GTCGAGCTCGGCCGCGAAGAAAGCCGACGCGG,1.0
18090,gaaatTAATACGACTCACTATAGGGCCGCCTCATAGGCGCTCATCACGGTGGCCG,TTGGGATCAACACGATCCCGATCGCGCTCA,3380230,3380235,3380268,33,0.7,0.5666666666666667,75.46073128897234,71.51186850231085,-1,-1,0.0,5.0,0.0,CCTGGACCCACATCCGCACATAGTCGGCCTCGT,1.0
18093,gaaatTAATACGACTCACTATAGGGCTGGTGACCAGCGCGACCCCGGACAGGCCG,TCCAGGTCACCTCCGCCGAGGACGGGGCCG,3381952,3381957,3381991,34,0.7666666666666667,0.7666666666666667,78.34652953556053,78.6856440632834,-1,-1,6.0,5.0,5.0,CGGGCGACCAGGTCGCGGAAGAACGCCAGCCAGC,1.0
18094,gaaatTAATACGACTCACTATAGGGGCGTCGGCGGCGAGGAAGGTATACGGGCCG,CAAGTCGCAAGTGTCGATCATGGCCAAAGA,3382144,3382149,3382194,45,0.7333333333333333,0.5,76.71820613368408,67.93992117373523,-1,-1,17.0,5.0,5.0,GCATCGAGCGGGCGGGTCCGAAACGCCTCTACGGCTTCGTCGAGC,1.0
18253,gaaatTAATACGACTCACTATAGGGAGGGGTGTGGTGTACGGGCAGGTAAGGCCG,TTGCTGGTCGTTTCGAAGGATCACGCGATG,3481360,3481365,3481396,31,0.6666666666666666,0.5333333333333333,74.4644077810459,69.50374319524718,-1,-1,3.0,5.0,5.0,GTGGGCGTGTCGTAGCCCAGTAGTGGGCGGT,1.0
18254,gaaatTAATACGACTCACTATAGGGTCCAGGTCACCTCCGCCGAGGACGGGGCCG,CTGGTGACCAGCGCGACCCCGGACAGGCCG,3482076,3482081,3482115,34,0.7666666666666667,0.7666666666666667,78.6856440632834,78.34652953556053,-1,-1,6.0,5.0,5.0,GCTGGCTGGCGTTCTTCCGCGACCTGGTCGCCCG,1.0
18730,gaaatTAATACGACTCACTATAGGGCGATGAACCGGGTAATTAGCGTGCTGGCCG,AATTGCGAAGGGCGAACGCGATTTTAAAGA,3796044,3796049,3796081,32,0.6,0.43333333333333335,71.22599345647183,66.9234472975458,-1,-1,1.0,5.0,5.0,GTCGAGCTCGGCCGCGAAGAAAGCCGACGCGG,1.0
18830,gaaatTAATACGACTCACTATAGGGCCGACCCGGTGTCGAATAGGGATGAGGCCG,GCCTAACCCGGTGACGATGCTCTATGGCCG,3846922,3846927,3846970,43,0.6666666666666666,0.6333333333333333,73.0023776452598,71.97045378198919,-1,-1,15.0,5.0,5.0,CTCCTCCGCCAGCACATGAGGCAGTATCACCAGATCAGCTTTC,1.0
18991,gaaatTAATACGACTCACTATAGGGACGCCGGCGCCGGCGGCATCAACGGGGCCG,CTCGCCACGCCTGTCGTTCCGTTCTGGCCG,3935983,3935988,3936022,34,0.8333333333333334,0.7,83.84628539649077,75.71993635287402,-1,-1,0.0,0.0,0.0,GCGGCACCGGCGGCACCGGCGGGGCCGGTGGTGA,1.0
19004,gaaatTAATACGACTCACTATAGGGCCGGCGGCAAAGGCGGCACCGGCGGGGCCG,CCGCCGGTGCCGCCGGTGCCGCCTTGGCCG,3941619,3941624,3941664,40,0.8666666666666667,0.8666666666666667,84.28907333103717,84.18975812004459,-1,-1,0.0,0.0,0.0,GCATGAACAGCCTCGACCCGCTGCTAGCCGCCCAAGACGG,1.0
20395,gaaatTAATACGACTCACTATAGGGCGCCTTCTTGTTGGCGGGTCCAGATGGCTT,ATCCTGGGCTGGCGGGTCGCTTCCACGATG,1988110,1988115,1988146,31,0.6,0.6666666666666666,72.50712104929664,75.03775140351928,-1,-1,3.0,5.0,0.0,GCTCGATCGCGTCGAGGACCATGGAGGTGGC,1.0
20396,gaaatTAATACGACTCACTATAGGGCCGGATCAGCGATCGTGGTCCTGCGGGCTT,CAGATGCACCGTCGAACGGCTGATGACCAA,1988344,1988349,1988378,29,0.6666666666666666,0.5666666666666667,74.94214372938916,70.75636702415477,-1,-1,1.0,5.0,5.0,TGCCGCGGGTGGTCCCGGACAGGCCGAGT,1.0
20529,gaaatTAATACGACTCACTATAGGGCGCCTTCTTGTTGGCGGGTCCAGATGGCTT,ATCCTGGGCTGGCGGGTCGCTTCCACGATG,2430524,2430529,2430560,31,0.6,0.6666666666666666,72.50712104929664,75.03775140351928,-1,-1,3.0,5.0,0.0,GCTCGATCGCGTCGAGGACCATGGAGGTGGC,1.0
20530,gaaatTAATACGACTCACTATAGGGCCGGATCAGCGATCGTGGTCCTGCGGGCTT,CAGATGCACCGTCGAACGGCTGATGACCAA,2430758,2430763,2430792,29,0.6666666666666666,0.5666666666666667,74.94214372938916,70.75636702415477,-1,-1,1.0,5.0,5.0,TGCCGCGGGTGGTCCCGGACAGGCCGAGT,1.0
20641,gaaatTAATACGACTCACTATAGGGCGCCTTCTTGTTGGCGGGTCCAGATGGCTT,ATCCTGGGCTGGCGGGTCGCTTCCACGATG,2785022,2785027,2785058,31,0.6,0.6666666666666666,72.50712104929664,75.03775140351928,-1,-1,3.0,5.0,0.0,GCTCGATCGCGTCGAGGACCATGGAGGTGGC,1.0
20642,gaaatTAATACGACTCACTATAGGGCCGGATCAGCGATCGTGGTCCTGCGGGCTT,CAGATGCACCGTCGAACGGCTGATGACCAA,2785256,2785261,2785290,29,0.6666666666666666,0.5666666666666667,74.94214372938916,70.75636702415477,-1,-1,1.0,5.0,5.0,TGCCGCGGGTGGTCCCGGACAGGCCGAGT,1.0
20755,gaaatTAATACGACTCACTATAGGGCGCCTTCTTGTTGGCGGGTCCAGATGGCTT,ATCCTGGGCTGGCGGGTCGCTTCCACGATG,3120931,3120936,3120967,31,0.6,0.6666666666666666,72.50712104929664,75.03775140351928,-1,-1,3.0,5.0,0.0,GCTCGATCGCGTCGAGGACCATGGAGGTGGC,1.0
20756,gaaatTAATACGACTCACTATAGGGCCGGATCAGCGATCGTGGTCCTGCGGGCTT,CAGATGCACCGTCGAACGGCTGATGACCAA,3121165,3121170,3121199,29,0.6666666666666666,0.5666666666666667,74.94214372938916,70.75636702415477,-1,-1,1.0,5.0,5.0,TGCCGCGGGTGGTCCCGGACAGGCCGAGT,1.0
20939,gaaatTAATACGACTCACTATAGGGCGCCTTCTTGTTGGCGGGTCCAGATGGCTT,ATCCTGGGCTGGCGGGTCGCTTCCACGATG,3795465,3795470,3795501,31,0.6,0.6666666666666666,72.50712104929664,75.03775140351928,-1,-1,3.0,5.0,0.0,GCTCGATCGCGTCGAGGACCATGGAGGTGGC,1.0
20940,gaaatTAATACGACTCACTATAGGGCCGGATCAGCGATCGTGGTCCTGCGGGCTT,CAGATGCACCGTCGAACGGCTGATGACCAA,3795699,3795704,3795733,29,0.6666666666666666,0.5666666666666667,74.94214372938916,70.75636702415477,-1,-1,1.0,5.0,5.0,TGCCGCGGGTGGTCCCGGACAGGCCGAGT,1.0
22453,gaaatTAATACGACTCACTATAGGGCGAGGGCCCCGATGGTTTGCGGTGGGGTGT,CCCGGTTGATGTGGTCGTAGTAGGTCGATG,1996537,1996542,1996589,47,0.7,0.5666666666666667,76.85647128281414,68.2747411211696,-1,-1,0.0,5.0,4.0,CGAGTCGATCTGCACACAGCTGACCGAGCTGGGTGTGCCGATCGCCC,1.0
22454,gaaatTAATACGACTCACTATAGGGCAGCCGCGTCCACGCCGCCAACTACGGTGT,CGTTCGACGGTGCATCTGGCCACCTCGATG,1996690,1996695,1996737,42,0.7,0.6333333333333333,77.13303260334305,72.52147569944947,-1,-1,14.0,5.0,5.0,TTACGGTGCCCGCAAAGTGTGGCTAACCCTGAACCGTGAGGG,1.0
22633,gaaatTAATACGACTCACTATAGGGCGAGGGCCCCGATGGTTTGCGGTGGGGTGT,CCCGGTTGATGTGGTCGTAGTAGGTCGATG,2365850,2365855,2365902,47,0.7,0.5666666666666667,76.85647128281414,68.2747411211696,-1,-1,0.0,5.0,4.0,CGAGTCGATCTGCACACAGCTGACCGAGCTGGGTGTGCCGATCGCCC,1.0
22634,gaaatTAATACGACTCACTATAGGGCAGCCGCGTCCACGCCGCCAACTACGGTGT,CGTTCGACGGTGCATCTGGCCACCTCGATG,2366003,2366008,2366050,42,0.7,0.6333333333333333,77.13303260334305,72.52147569944947,-1,-1,14.0,5.0,5.0,TTACGGTGCCCGCAAAGTGTGGCTAACCCTGAACCGTGAGGG,1.0
22723,gaaatTAATACGACTCACTATAGGGCGAGGGCCCCGATGGTTTGCGGTGGGGTGT,CCCGGTTGATGTGGTCGTAGTAGGTCGATG,2550450,2550455,2550502,47,0.7,0.5666666666666667,76.85647128281414,68.2747411211696,-1,-1,0.0,5.0,4.0,CGAGTCGATCTGCACACAGCTGACCGAGCTGGGTGTGCCGATCGCCC,1.0
22724,gaaatTAATACGACTCACTATAGGGCAGCCGCGTCCACGCCGCCAACTACGGTGT,CGTTCGACGGTGCATCTGGCCACCTCGATG,2550603,2550608,2550650,42,0.7,0.6333333333333333,77.13303260334305,72.52147569944947,-1,-1,14.0,5.0,5.0,TTACGGTGCCCGCAAAGTGTGGCTAACCCTGAACCGTGAGGG,1.0
22772,gaaatTAATACGACTCACTATAGGGCGAGGGCCCCGATGGTTTGCGGTGGGGTGT,CCCGGTTGATGTGGTCGTAGTAGGTCGATG,2636013,2636018,2636065,47,0.7,0.5666666666666667,76.85647128281414,68.2747411211696,-1,-1,0.0,5.0,4.0,CGAGTCGATCTGCACACAGCTGACCGAGCTGGGTGTGCCGATCGCCC,1.0
22773,gaaatTAATACGACTCACTATAGGGCAGCCGCGTCCACGCCGCCAACTACGGTGT,CGTTCGACGGTGCATCTGGCCACCTCGATG,2636166,2636171,2636213,42,0.7,0.6333333333333333,77.13303260334305,72.52147569944947,-1,-1,14.0,5.0,5.0,TTACGGTGCCCGCAAAGTGTGGCTAACCCTGAACCGTGAGGG,1.0
22878,gaaatTAATACGACTCACTATAGGGTGGCAGTCTAGGTGGTCAGTGCTGGGGTGT,CCTCGAGGTCCTCACCCGAGCCCGAGCAGC,2828573,2828578,2828619,41,0.6,0.7333333333333333,72.22955141237111,75.95108962830159,-1,-1,13.0,5.0,5.0,TGGTGGTTTGCTGCTTGGCGGGTTCTTCGGTGCTGGTCAGT,1.0
22879,gaaatTAATACGACTCACTATAGGGTGAACGCCAGCAGGTCGGTGCGGGCGGTGT,ATCAGTTGTTGCCCAATATGATCGGGTACT,2828861,2828866,2828910,44,0.7,0.43333333333333335,78.3361460381418,64.88630630364901,-1,-1,16.0,2.0,5.0,CGAGGTGCTCGGCCACCGCGGGGAGTTTGTCGGTCAGAGCGTCG,1.0
22880,gaaatTAATACGACTCACTATAGGGCGGCGTTGACGCCGGTGGCGATCAAGGTGT,CCTTCCTCGCCGCCGACGCCCTGGTGCTCA,2829251,2829256,2829289,33,0.6666666666666666,0.7333333333333333,75.79443285736158,78.03918180708234,-1,-1,5.0,5.0,5.0,GCACTCCGACGACGCGGCCTGCCTCGCGCACCT,1.0
22881,gaaatTAATACGACTCACTATAGGGTCGCGACGTCGATGGTTGCGGCACGGGTGT,GCGGGGCGGGCTACCGCGAACGCAGCGATG,2829593,2829598,2829640,42,0.6666666666666666,0.7666666666666667,76.7247091707336,79.25737709962902,-1,-1,14.0,5.0,5.0,CGAAATCACGGTGGCGGTAGCCGTTGCGCTGATTGGACCGCT,1.0
22978,gaaatTAATACGACTCACTATAGGGCGAGGGCCCCGATGGTTTGCGGTGGGGTGT,CCCGGTTGATGTGGTCGTAGTAGGTCGATG,2972545,2972550,2972597,47,0.7,0.5666666666666667,76.85647128281414,68.2747411211696,-1,-1,0.0,5.0,4.0,CGAGTCGATCTGCACACAGCTGACCGAGCTGGGTGTGCCGATCGCCC,1.0
22979,gaaatTAATACGACTCACTATAGGGCAGCCGCGTCCACGCCGCCAACTACGGTGT,CGTTCGACGGTGCATCTGGCCACCTCGATG,2972698,2972703,2972745,42,0.7,0.6333333333333333,77.13303260334305,72.52147569944947,-1,-1,14.0,5.0,5.0,TTACGGTGCCCGCAAAGTGTGGCTAACCCTGAACCGTGAGGG,1.0
23179,gaaatTAATACGACTCACTATAGGGTGGCAGTCTAGGTGGTCAGTGCTGGGGTGT,CCTCGAGGTCCTCACCCGAGCCCGAGCAGC,3381392,3381397,3381438,41,0.6,0.7333333333333333,72.22955141237111,75.95108962830159,-1,-1,13.0,5.0,5.0,TGGTGGTTTGCTGCTTGGCGGGTTCTTCGGTGCTGGTCAGT,1.0
23180,gaaatTAATACGACTCACTATAGGGTGAACGCCAGCAGGTCGGTGCGGGCGGTGT,ATCAGTTGTTGCCCAATATGATCGGGTACT,3381680,3381685,3381729,44,0.7,0.43333333333333335,78.3361460381418,64.88630630364901,-1,-1,16.0,2.0,5.0,CGAGGTGCTCGGCCACCGCGGGGAGTTTGTCGGTCAGAGCGTCG,1.0
23181,gaaatTAATACGACTCACTATAGGGCGGCGTTGACGCCGGTGGCGATCAAGGTGT,CCTTCCTCGCCGCCGACGCCCTGGTGCTCA,3382070,3382075,3382108,33,0.6666666666666666,0.7333333333333333,75.79443285736158,78.03918180708234,-1,-1,5.0,5.0,5.0,GCACCCCGACGACGCGGCCTGCCTCGCGCACCT,1.0
23182,gaaatTAATACGACTCACTATAGGGTCGCGACGTCGATGGTTGCGGCACGGGTGT,GCGGGGCGGGCTACCGCGAACGCAGCGATG,3382412,3382417,3382459,42,0.6666666666666666,0.7666666666666667,76.7247091707336,79.25737709962902,-1,-1,14.0,5.0,5.0,CGAAATCACGGTGGCGGTAGCCGTTGCGCTGATTGGACCGCT,1.0
23274,gaaatTAATACGACTCACTATAGGGCGAGGGCCCCGATGGTTTGCGGTGGGGTGT,CCCGGTTGATGTGGTCGTAGTAGGTCGATG,3551666,3551671,3551718,47,0.7,0.5666666666666667,76.85647128281414,68.2747411211696,-1,-1,0.0,5.0,4.0,CGAGTCGATCTGCACACAGCTGACCGAGCTGGGTGTGCCGATCGCCC,1.0
23275,gaaatTAATACGACTCACTATAGGGCAGCCGCGTCCACGCCGCCAACTACGGTGT,CGTTCGACGGTGCATCTGGCCACCTCGATG,3551819,3551824,3551866,42,0.7,0.6333333333333333,77.13303260334305,72.52147569944947,-1,-1,14.0,5.0,5.0,TTACGGTGCCCGCAAAGTGTGGCTAACCCTGAACCGTGAGGG,1.0
23276,gaaatTAATACGACTCACTATAGGGCGAGGGCCCCGATGGTTTGCGGTGGGGTGT,CCCGGTTGATGTGGTCGTAGTAGGTCGATG,3553149,3553154,3553201,47,0.7,0.5666666666666667,76.85647128281414,68.2747411211696,-1,-1,0.0,5.0,4.0,CGAGTCGATCTGCACACAGCTGACCGAGCTGGGTGTGCCGATCGCCC,1.0
23277,gaaatTAATACGACTCACTATAGGGCAGCCGCGTCCACGCCGCCAACTACGGTGT,CGTTCGACGGTGCATCTGGCCACCTCGATG,3553302,3553307,3553349,42,0.7,0.6333333333333333,77.13303260334305,72.52147569944947,-1,-1,14.0,5.0,5.0,TTACGGTGCCCGCAAAGTGTGGCTAACCCTGAACCGTGAGGG,1.0
23351,gaaatTAATACGACTCACTATAGGGCGAGGGCCCCGATGGTTTGCGGTGGGGTGT,CCCGGTTGATGTGGTCGTAGTAGGTCGATG,3710818,3710823,3710870,47,0.7,0.5666666666666667,76.85647128281414,68.2747411211696,-1,-1,0.0,5.0,4.0,CGAGTCGATCTGCACACAGCTGACCGAGCTGGGTGTGCCGATCGCCC,1.0
23352,gaaatTAATACGACTCACTATAGGGCAGCCGCGTCCACGCCGCCAACTACGGTGT,CGTTCGACGGTGCATCTGGCCACCTCGATG,3710971,3710976,3711018,42,0.7,0.6333333333333333,77.13303260334305,72.52147569944947,-1,-1,14.0,5.0,5.0,TTACGGTGCCCGCAAAGTGTGGCTAACCCTGAACCGTGAGGG,1.0
23512,gaaatTAATACGACTCACTATAGGGCGAGGGCCCCGATGGTTTGCGGTGGGGTGT,CCCGGTTGATGTGGTCGTAGTAGGTCGATG,3891215,3891220,3891267,47,0.7,0.5666666666666667,76.85647128281414,68.2747411211696,-1,-1,0.0,5.0,4.0,CGAGTCGATCTGCACACAGCTGACCGAGCTGGGTGTGCCGATCGCCC,1.0
23513,gaaatTAATACGACTCACTATAGGGCAGCCGCGTCCACGCCGCCAACTACGGTGT,CGTTCGACGGTGCATCTGGCCACCTCGATG,3891368,3891373,3891415,42,0.7,0.6333333333333333,77.13303260334305,72.52147569944947,-1,-1,14.0,5.0,5.0,TTACGGTGCCCGCAAAGTGTGGCTAACCCTGAACCGTGAGGG,1.0
24098,gaaatTAATACGACTCACTATAGGGCGTCGCTGTTGTCGTGATCACGCTTGTACT,TTCCGCACGTGGAGGCGGCGAAGTTCGATG,2262490,2262495,2262531,36,0.5333333333333333,0.6333333333333333,69.20076213133717,74.03244878430405,-1,-1,8.0,5.0,5.0,CGGCGATCAACGCATCCAGATGAGACTGCAACGCCG,1.0
24258,gaaatTAATACGACTCACTATAGGGATCAGTTGTTGCCCAATATGATCGGGTACT,TGAACGCCAGCAGGTCGGTGCGGGCGGTGT,3482338,3482343,3482387,44,0.43333333333333335,0.7,64.88630630364901,78.3361460381418,-1,-1,16.0,5.0,3.0,CGACGCTCTGACCGACAAACTCCCCGCGGTGGCCGAGCACCTCG,1.0
25716,gaaatTAATACGACTCACTATAGGGCTTGGAAAGGATGGGGTCATGTCAGGTGGT,ATCTCTGCGACCATCCGCACCGCCCGCTCA,1996158,1996163,1996192,29,0.5333333333333333,0.6666666666666666,68.3306204963879,76.16229337348636,-1,-1,1.0,1.0,5.0,TCATCGAGGAGGTACCCGCCGGAGCTGCG,1.0
25889,gaaatTAATACGACTCACTATAGGGCTTGGAAAGGATGGGGTCATGTCAGGTGGT,ATCTCTGCGACCATCCGCACCGCCCGCTCA,2365471,2365476,2365505,29,0.5333333333333333,0.6666666666666666,68.3306204963879,76.16229337348636,-1,-1,1.0,1.0,5.0,TCATCGAGGAGGTACCCGCCGGAGCTGCG,1.0
25991,gaaatTAATACGACTCACTATAGGGCTTGGAAAGGATGGGGTCATGTCAGGTGGT,ATCTCTGCGACCATCCGCACCGCCCGCTCA,2550071,2550076,2550105,29,0.5333333333333333,0.6666666666666666,68.3306204963879,76.16229337348636,-1,-1,1.0,1.0,5.0,TCATCGAGGAGGTACCCGCCGGAGCTGCG,1.0
26042,gaaatTAATACGACTCACTATAGGGCTTGGAAAGGATGGGGTCATGTCAGGTGGT,ATCTCTGCGACCATCCGCACCGCCCGCTCA,2635634,2635639,2635668,29,0.5333333333333333,0.6666666666666666,68.3306204963879,76.16229337348636,-1,-1,1.0,1.0,5.0,TCATCGAGGAGGTACCCGCCGGAGCTGCG,1.0
26215,gaaatTAATACGACTCACTATAGGGCTTGGAAAGGATGGGGTCATGTCAGGTGGT,ATCTCTGCGACCATCCGCACCGCCCGCTCA,2972166,2972171,2972200,29,0.5333333333333333,0.6666666666666666,68.3306204963879,76.16229337348636,-1,-1,1.0,1.0,5.0,TCATCGAGGAGGTACCCGCCGGAGCTGCG,1.0
26521,gaaatTAATACGACTCACTATAGGGCTTGGAAAGGATGGGGTCATGTCAGGTGGT,ATCTCTGCGACCATCCGCACCGCCCGCTCA,3551287,3551292,3551321,29,0.5333333333333333,0.6666666666666666,68.3306204963879,76.16229337348636,-1,-1,1.0,1.0,5.0,TCATCGAGGAGGTACCCGCCGGAGCTGCG,1.0
26522,gaaatTAATACGACTCACTATAGGGCTTGGAAAGGATGGGGTCATGTCAGGTGGT,ATCTCTGCGACCATCCGCACCGCCCGCTCA,3552770,3552775,3552804,29,0.5333333333333333,0.6666666666666666,68.3306204963879,76.16229337348636,-1,-1,1.0,1.0,5.0,TCATCGAGGAGGTACCCGCCGGAGCTGCG,1.0
26610,gaaatTAATACGACTCACTATAGGGCTTGGAAAGGATGGGGTCATGTCAGGTGGT,ATCTCTGCGACCATCCGCACCGCCCGCTCA,3710439,3710444,3710473,29,0.5333333333333333,0.6666666666666666,68.3306204963879,76.16229337348636,-1,-1,1.0,1.0,5.0,TCATCGAGGAGGTACCCGCCGGAGCTGCG,1.0
26688,gaaatTAATACGACTCACTATAGGGCTTGGAAAGGATGGGGTCATGTCAGGTGGT,ATCTCTGCGACCATCCGCACCGCCCGCTCA,3890836,3890841,3890870,29,0.5333333333333333,0.6666666666666666,68.3306204963879,76.16229337348636,-1,-1,1.0,1.0,5.0,TCATCGAGGAGGTACCCGCCGGAGCTGCG,1.0
